{
    "code":0,
    "msg":"获取成功",
    "data":{
        "Complex": {
            "index": "Complex",
            "camJson": {
                "fov": 29.275844177295955,
                "position": {
                    "x": -44.32148874527428,
                    "y": 6.089375513981914,
                    "z": -64.76157588124649
                },
                "poseMat4": [
                    -0.46214435617683414,
                    0.4271729016227165,
                    -0.7771395667273211,
                    -44.32148874527428,
                    0.08222122551940378,
                    -0.8519220187700517,
                    -0.5171736110909442,
                    6.089375513981914,
                    -0.8829848606448396,
                    -0.30290623310521153,
                    0.35858827339725485,
                    -64.76157588124649,
                    0,
                    0,
                    0,
                    1
                ],
                "lookAt":{
                    "x":-59.8642800798207,
                    "y":-4.254096707836967,
                    "z":-57.58981041330138
                }
            },
            "flv": {
                "type": "mp4",
                "viedoStearm": "static/assets/video/Complex.mp4"
            },
            "modelIndex": ["Tile_+003_+007","Tile_+003_+005","Tile_+003_+006","Tile_+004_+005"],
            "isGlobalView": true
        },
        "CentreStreetMid2": {
            "index": "CentreStreetMid2",
            "camJson": {
                "fov": 43.60864979721389,
                "position": {
                    "x": -13.238906251675722,
                    "y": 2.0988482111928546,
                    "z": -24.2951069006493
                },
                "poseMat4": [
                    0.4005774347528761,
                    -0.3041814845145209,
                    0.8642981795915959,
                    -13.238906251675722,
                    -0.05265562006737265,
                    -0.9493696057804131,
                    -0.30971718921568353,
                    2.0988482111928546,
                    0.9147486564308934,
                    0.07855556058539288,
                    -0.3963129059959938,
                    -24.2951069006493,
                    0,
                    0,
                    0,
                    1
                ],
                "lookAt":{
                    "x":-59.8642800798207,
                    "y":-4.254096707836967,
                    "z":-57.58981041330138
                }
            },
            "flv": {
                "type": "mp4",
                "viedoStearm": "static/assets/video/CentreStreetMid2.mp4"
            },
            "modelIndex": ["Tile_+005_+004","Tile_+005_+007","Tile_+006_+006","Tile_+006_+007","Tile_+004_+006","Tile_+005_+005","Tile_+005_+006"],
            "isGlobalView": true
        },
        "WuningGate": {
            "index": "WuningGate",
            "camJson": {
                "fov": 21.018192580641294,
                "position": {
                    "x":9.5571,
                    "y":10.5311,
                    "z":-57.5819
                },
                "poseMat4": [
                    0.4107,
                    0.0359,
                    0.9111,
                    9.5571,
                    -0.0956,
                    -0.992,
                    0.0822,
                    10.5311,
                    0.9068,
                    -0.1209,
                    -0.4039,
                    -57.5819,
                    0,
                    0,
                    0,
                    1
                ],
                "lookAt":{
                    "x":-59.8642800798207,
                    "y":-4.254096707836967,
                    "z":-57.58981041330138
                }
            },
            "flv": {
                "type": "mp4",
                "viedoStearm": "static/assets/video/WuningGate.mp4"
            },
            "modelIndex": ["Tile_+007_+005","Tile_+007_+006","Tile_+006_+006","Tile_+006_+005"],
            "isGlobalView": true
        },
        "CaoYangGate": {
            "index": "CaoYangGate",
            "camJson": {
                "fov": 30,
                "position": {
                    "x": 13.889352328427464,
                    "y": 15.63881204952507,
                    "z": 18.765591063008877
                },
                "poseMat4": [
                    0.86941677828482,
                    -0.3947767623940615,
                    -0.29709556292631967,
                    -23.889352328427464,
                    -0.4804022009751399,
                    -0.5349428204881942,
                    -0.6950179163923595,
                    -49.63881204952507,
                    0.11544778445290896,
                    0.7469856000498258,
                    -0.6547398891033875,
                    8.765591063008877,
                    0,
                    0,
                    0,
                    1
                ],
                "lookAt":{
                    "x":-59.8642800798207,
                    "y":-4.254096707836967,
                    "z":-57.58981041330138
                }
            },
            "flv": {
                "type": "mp4",
                "viedoStearm": "static/assets/video/CaoYangGate.mp4"
            },
            "modelIndex": ["Tile_+003_+006","Tile_+003_+007","Tile_+004_+007","Tile_+003_+005"],
            "isGlobalView": true
        },
        "B1F_LaneExit": {
            "index": "B1F_LaneExit",
            "camJson": {
                "fov": 30,
                "position": {
                    "x": 9.26244831267266,
                    "y": 0.5366296193075542,
                    "z": -64.21577453425101
                },
                "poseMat4": [
                    -0.31755318037895075,
                    -0.3099967221453728,
                    -0.8961372717895056,
                    9.26244831267266,
                    -0.03558575966769595,
                    -0.9404910945704306,
                    0.33794992934247886,
                    0.5366296193075542,
                    -0.9475724939761004,
                    0.139206800454712,
                    0.28762446934688224,
                    -64.21577453425101,
                    0,
                    0,
                    0,
                    1
                ],
                "lookAt":{
                    "x":-59.8642800798207,
                    "y":-4.254096707836967,
                    "z":-57.58981041330138
                }
            },
            "flv": {
                "type": "mp4",
                "viedoStearm": "static/assets/video/B1F_LaneExit.mp4"
            },
            "modelIndex": ["Tile_+004_+006","Tile_+005_+004","Tile_+005_+006","Tile_+004_+005","Tile_+005_+005"],
            "isGlobalView": true
        }
    }
}